Address,City,Total Number of Alerts,Medical,Fire,No Emergency,Public Service,Hazardous Situation,Uncategorized,Law Enforcement Support
"3370 GREENWAY DR","HORN LAKE",12,12,0,0,0,0,0,0
"1615 COMMERCE PKWY","HORN LAKE",12,12,0,0,0,0,0,0
"6530 WALNUT GROVE RD","HORN LAKE",11,11,0,0,0,0,0,0
"2520 HILLCREST CIR","HORN LAKE",11,11,0,0,0,0,0,0
"5616 CRESTWOOD DR","HORN LAKE",11,10,1,0,0,0,0,0
"3550 SHADOW OAKS PKWY","HORN LAKE",9,9,0,0,0,0,0,0
"GOODMAN RD W & HWY 51 N","HORN LAKE",9,8,1,0,0,0,0,0
"6340 CORNWALL RD","HORN LAKE",8,7,0,1,0,0,0,0
"5633 TULANE RD N","HORN LAKE",8,8,0,0,0,0,0,0
"5811 DOVER DR","HORN LAKE",7,7,0,0,0,0,0,0
"988 GOODMAN RD W","HORN LAKE",7,6,0,1,0,0,0,0
"7019 FOXHALL DR","HORN LAKE",7,7,0,0,0,0,0,0
"6036 KINGSVIEW DR","HORN LAKE",7,7,0,0,0,0,0,0
"4285 SHADOW RIDGE DR","HORN LAKE",7,7,0,0,0,0,0,0
"3660 BUCKINGHAM CV E","HORN LAKE",7,7,0,0,0,0,0,0
"4560 GOODMAN RD W","HORN LAKE",6,6,0,0,0,0,0,0
"GOODMAN RD W & MALLARD CREEK DR","HORN LAKE",6,6,0,0,0,0,0,0
"7197 MALLARD CREEK DR","HORN LAKE",6,5,0,1,0,0,0,0
"1400 AUDUBON POINT DR","HORN LAKE",6,6,0,0,0,0,0,0
"6265 SOUTHBRIDGE CIR","HORN LAKE",6,6,0,0,0,0,0,0
"7131 HAMPTON DR","HORN LAKE",6,6,0,0,0,0,0,0
"3101 GOODMAN RD W","HORN LAKE",6,5,1,0,0,0,0,0
"6555 BIRCHFIELD CIR","HORN LAKE",6,6,0,0,0,0,0,0
"3040 GOODMAN RD W","HORN LAKE",5,5,0,0,0,0,0,0
"1000 SUTTON PLACE DR","HORN LAKE",5,5,0,0,0,0,0,0
"5424 RIDGETOP DR","HORN LAKE",5,5,0,0,0,0,0,0
"GOODMAN RD W & HURT RD","HORN LAKE",5,5,0,0,0,0,0,0
"7260 INTERSTATE BLVD","HORN LAKE",5,4,1,0,0,0,0,0
"4651 ALDEN LAKE DR E","HORN LAKE",5,5,0,0,0,0,0,0
"701 SOUTHWEST DR","HORN LAKE",5,2,1,1,1,0,0,0
"7101 TULANE RD N","HORN LAKE",5,4,1,0,0,0,0,0
"6800 TULANE RD N","HORN LAKE",5,4,1,0,0,0,0,0
"GOODMAN RD W & INTERSTATE BLVD","HORN LAKE",5,5,0,0,0,0,0,0
"3353 COUNTRYSIDE CIR","HORN LAKE",5,5,0,0,0,0,0,0
"5508 GOODMAN RD W","HORN LAKE",5,5,0,0,0,0,0,0
"6440 GREENBRIAR DR","HORN LAKE",5,5,0,0,0,0,0,0
"2655 VALLEYBROOK RD","HORN LAKE",5,5,0,0,0,0,0,0
"3416 FAIR MEADOW DR","HORN LAKE",5,5,0,0,0,0,0,0
"6520 YORKSHIRE RD","HORN LAKE",5,5,0,0,0,0,0,0
"7095 TULANE RD N","HORN LAKE",5,3,2,0,0,0,0,0
"3346 SHADOW OAKS PKWY","HORN LAKE",5,5,0,0,0,0,0,0
"7039 FOXHALL DR","HORN LAKE",5,5,0,0,0,0,0,0
"3407 GOODMAN RD W","HORN LAKE",4,3,0,0,0,1,0,0
"3625 SHADOW OAKS PKWY","HORN LAKE",4,4,0,0,0,0,0,0
"2735 ASHWOOD CV","HORN LAKE",4,4,0,0,0,0,0,0
"3102 GOODMAN RD W","HORN LAKE",4,4,0,0,0,0,0,0
"2589 WAVERLY DR","HORN LAKE",4,4,0,0,0,0,0,0
"3025 NORMANDY DR","HORN LAKE",4,3,0,1,0,0,0,0
"7318 GEORGE LN","HORN LAKE",4,4,0,0,0,0,0,0
"7136 HWY 301 N","HORN LAKE",4,3,1,0,0,0,0,0
"6851 INTERSTATE BLVD","HORN LAKE",4,3,1,0,0,0,0,0
"7385 ANGEL DR","HORN LAKE",4,4,0,0,0,0,0,0
"2745 ASHWOOD CV","HORN LAKE",4,4,0,0,0,0,0,0
"3340 LAUREL DR","HORN LAKE",4,4,0,0,0,0,0,0
"3840 CARROLL DR","HORN LAKE",4,4,0,0,0,0,0,0
"5980 HURT RD","HORN LAKE",4,3,0,1,0,0,0,0
"6325 YORKSHIRE CV","HORN LAKE",4,4,0,0,0,0,0,0
"7100 TULANE RD N","HORN LAKE",4,1,3,0,0,0,0,0
"3971 GOODMAN RD W","HORN LAKE",4,4,0,0,0,0,0,0
"GOODMAN RD W & HORN LAKE RD N","HORN LAKE",4,3,1,0,0,0,0,0
"1634 GOODMAN RD W","HORN LAKE",4,0,1,3,0,0,0,0
"6525 WESTBURY AVE","HORN LAKE",4,4,0,0,0,0,0,0
"720 GOODMAN RD W","HORN LAKE",4,3,0,1,0,0,0,0
"1512 GOODMAN RD W","HORN LAKE",4,3,0,1,0,0,0,0
"GOODMAN RD W & DUNBARTON DR","HORN LAKE",4,4,0,0,0,0,0,0
"601 EXPRESSWAY DR","HORN LAKE",4,3,0,1,0,0,0,0
"5788 DANNY CV","HORN LAKE",4,4,0,0,0,0,0,0
"7256 INTERSTATE BLVD","HORN LAKE",4,4,0,0,0,0,0,0
"6545 WESTBURY AVE","HORN LAKE",4,4,0,0,0,0,0,0
"3031 GOODMAN RD W","HORN LAKE",4,1,2,1,0,0,0,0
"708 DESOTO CV","HORN LAKE",3,0,2,1,0,0,0,0
"3435 WOODBINE CV","HORN LAKE",3,3,0,0,0,0,0,0
"3344 SHADOW OAKS PKWY","HORN LAKE",3,3,0,0,0,0,0,0
"7438 CLIFFWOOD DR","HORN LAKE",3,3,0,0,0,0,0,0
"7480 HWY 161","WALLS",3,3,0,0,0,0,0,0
"5766 MATTHEW DR","HORN LAKE",3,3,0,0,0,0,0,0
"1820 THOMAS ST","HORN LAKE",3,3,0,0,0,0,0,0
"1581 CROSSING DR","HORN LAKE",3,3,0,0,0,0,0,0
"6550 INTERSTATE BLVD","HORN LAKE",3,3,0,0,0,0,0,0
"4911 APPLE CREEK DR","HORN LAKE",3,3,0,0,0,0,0,0
"6125 HURT RD","HORN LAKE",3,2,0,1,0,0,0,0
"706 DESOTO CV","HORN LAKE",3,3,0,0,0,0,0,0
"5291 ABBEY LN","HORN LAKE",3,3,0,0,0,0,0,0
"TULANE RD N & NAIL RD W","HORN LAKE",3,2,1,0,0,0,0,0
"3450 MAYFAIR DR","HORN LAKE",3,3,0,0,0,0,0,0
"1962 CHURCH RD W","HORN LAKE",3,3,0,0,0,0,0,0
"5827 LAURIE DR","HORN LAKE",3,3,0,0,0,0,0,0
"3888 UNION AVE","HORN LAKE",3,3,0,0,0,0,0,0
"5566 CHURCH RD W","HORN LAKE",3,3,0,0,0,0,0,0
"6829 KENTBROOK DR","HORN LAKE",3,3,0,0,0,0,0,0
"6390 FOREST GLEN DR","HORN LAKE",3,3,0,0,0,0,0,0
"3926 GOODMAN RD W","HORN LAKE",3,3,0,0,0,0,0,0
"6140 FOREST GATE RD","HORN LAKE",3,2,1,0,0,0,0,0
"4425 MCSWAIN DR","HORN LAKE",3,3,0,0,0,0,0,0
"2972 CHURCHWELL DR","HORN LAKE",3,3,0,0,0,0,0,0
"2885 GOODMAN RD W","HORN LAKE",3,2,1,0,0,0,0,0
"1625 SOUTHERN VILLA DR","HORN LAKE",3,3,0,0,0,0,0,0
"4331 EDMONTON ST","HORN LAKE",3,2,0,0,1,0,0,0
"6702 ALLEN DR","HORN LAKE",3,3,0,0,0,0,0,0
"4191 CARROLL DR W","HORN LAKE",3,3,0,0,0,0,0,0
"6462 BARRETTS BEND DR","HORN LAKE",3,3,0,0,0,0,0,0
"6758 HUNTERS XING","HORN LAKE",3,3,0,0,0,0,0,0
"4825 SHERRY AVE","HORN LAKE",3,2,0,0,1,0,0,0
"7439 EASTOVER DR","HORN LAKE",3,3,0,0,0,0,0,0
"3360 CARROLL DR","HORN LAKE",3,3,0,0,0,0,0,0
"6680 CAMELOT RD","HORN LAKE",3,3,0,0,0,0,0,0
"7251 INTERSTATE BLVD","HORN LAKE",3,3,0,0,0,0,0,0
"6116 TULANE RD N","HORN LAKE",3,3,0,0,0,0,0,0
"1030 GOODMAN RD W","HORN LAKE",3,3,0,0,0,0,0,0
"1502 GOODMAN RD W","HORN LAKE",3,3,0,0,0,0,0,0
"1640 SOUTHERN VILLA DR","HORN LAKE",3,3,0,0,0,0,0,0
"1800 JOY CIR","HORN LAKE",3,3,0,0,0,0,0,0
"4200 ROLLIN OAKS DR","HORN LAKE",3,3,0,0,0,0,0,0
"7160 INTERSTATE BLVD","HORN LAKE",3,2,0,0,0,1,0,0
"5771 GRAY CV","HORN LAKE",3,2,1,0,0,0,0,0
"7320 HWY 161","WALLS",3,3,0,0,0,0,0,0
"6480 HEATHER RD","HORN LAKE",3,3,0,0,0,0,0,0
"CHURCH RD W & HWY 51 N","HORN LAKE",3,1,1,0,0,1,0,0
"7044 FOXHALL DR","HORN LAKE",3,3,0,0,0,0,0,0
"6420 SOUTHBRIDGE CIR","HORN LAKE",3,3,0,0,0,0,0,0
"6310 FOREST GLEN DR","HORN LAKE",3,3,0,0,0,0,0,0
"4991 HWY 51 N","HORN LAKE",3,2,1,0,0,0,0,0
"2785 ASHBRIAR DR","HORN LAKE",3,3,0,0,0,0,0,0
"3140 NORMANDY DR","HORN LAKE",3,3,0,0,0,0,0,0
"5645 RIDGETOP DR","HORN LAKE",3,3,0,0,0,0,0,0
"1374 ARBOR LAKE DR N","HORN LAKE",2,2,0,0,0,0,0,0
"5547 INGLESIDE DR","HORN LAKE",2,2,0,0,0,0,0,0
"6795 BELLE MEADE RD","HORN LAKE",2,2,0,0,0,0,0,0
"GOODMAN RD W & ALLEN DR","HORN LAKE",2,1,0,0,0,0,1,0
"5727 CHOCTAW DR","HORN LAKE",2,2,0,0,0,0,0,0
"4912 SUNSET HARBOR CV","HORN LAKE",2,2,0,0,0,0,0,0
"7860 HOLLY RIDGE DR","HORN LAKE",2,2,0,0,0,0,0,0
"3135 MAYFAIR DR","HORN LAKE",2,2,0,0,0,0,0,0
"7334 MALLARD CREEK DR","HORN LAKE",2,2,0,0,0,0,0,0
"2705 MEADOWBROOK DR","HORN LAKE",2,2,0,0,0,0,0,0
"6430 TULANE RD N","HORN LAKE",2,2,0,0,0,0,0,0
"5840 LAURIE DR","HORN LAKE",2,2,0,0,0,0,0,0
"INTERSTATE BLVD & GOODMAN RD W","HORN LAKE",2,1,1,0,0,0,0,0
"7614 WOODSHIRE DR","HORN LAKE",2,2,0,0,0,0,0,0
"2235 SCENIC VIEW DR","HERNANDO",2,2,0,0,0,0,0,0
"1655 LANTERN LN","HORN LAKE",2,1,0,0,0,1,0,0
"1620 SOUTHERN VILLA DR","HORN LAKE",2,2,0,0,0,0,0,0
"5925 TUCKER LNDG","HORN LAKE",2,2,0,0,0,0,0,0
"4760 APPLE CREEK DR","HORN LAKE",2,2,0,0,0,0,0,0
"2625 VALLEYBROOK RD","HORN LAKE",2,2,0,0,0,0,0,0
"2906 GOODMAN RD W","HORN LAKE",2,1,0,1,0,0,0,0
"5304 LAKEVIEW CV","HORN LAKE",2,1,1,0,0,0,0,0
"6870 E CENTER ST","HORN LAKE",2,1,1,0,0,0,0,0
"1844 THOMAS ST","HORN LAKE",2,1,1,0,0,0,0,0
"1805 GREENO RD","HORN LAKE",2,1,1,0,0,0,0,0
"3415 EDENSHIRE DR","HORN LAKE",2,2,0,0,0,0,0,0
"CHURCH RD W & RIDGETOP DR","HORN LAKE",2,2,0,0,0,0,0,0
"6585 HORN LAKE RD N","HORN LAKE",2,2,0,0,0,0,0,0
"7542 WOODSHIRE DR","HORN LAKE",2,2,0,0,0,0,0,0
"4121 PENWELL DR","HORN LAKE",2,2,0,0,0,0,0,0
"HWY 51 N & GOODMAN RD W","HORN LAKE",2,2,0,0,0,0,0,0
"5836 CHEROKEE DR","HORN LAKE",2,2,0,0,0,0,0,0
"1525 SOUTHERN VILLA DR","HORN LAKE",2,2,0,0,0,0,0,0
"2770 MEADOWBROOK DR","HORN LAKE",2,2,0,0,0,0,0,0
"6208 JOY BLVD S","HORN LAKE",2,2,0,0,0,0,0,0
"761 GOODMAN RD W","HORN LAKE",2,2,0,0,0,0,0,0
"5980 RICHARD PLACE DR","HORN LAKE",2,2,0,0,0,0,0,0
"3660 CARROLL DR","HORN LAKE",2,2,0,0,0,0,0,0
"3850 GOODMAN RD W","HORN LAKE",2,2,0,0,0,0,0,0
"6345 KENSINGTON RD","HORN LAKE",2,2,0,0,0,0,0,0
"6430 WALNUT GROVE RD","HORN LAKE",2,2,0,0,0,0,0,0
"3780 SHADOW OAKS PKWY","HORN LAKE",2,1,0,1,0,0,0,0
"7177 BURLINGTON BLVD","HORN LAKE",2,1,0,1,0,0,0,0
"6460 BENTLEY CV","HORN LAKE",2,2,0,0,0,0,0,0
"2344 GOODMAN RD W","HORN LAKE",2,2,0,0,0,0,0,0
"3405 GOODMAN RD W","HORN LAKE",2,2,0,0,0,0,0,0
"1498 AUDREY LN","HORN LAKE",2,2,0,0,0,0,0,0
"6175 FOREST GATE RD","HORN LAKE",2,2,0,0,0,0,0,0
"3370 CARROLL DR","HORN LAKE",2,2,0,0,0,0,0,0
"6410 CORNWALL RD","HORN LAKE",2,2,0,0,0,0,0,0
"7378 MEADOWBROOK DR","HORN LAKE",2,2,0,0,0,0,0,0
"2060 SHANNON CV","HORN LAKE",2,2,0,0,0,0,0,0
"735 GOODMAN RD W","HORN LAKE",2,2,0,0,0,0,0,0
"4149 PENWELL DR","HORN LAKE",2,2,0,0,0,0,0,0
"4881 PECAN AVE","HORN LAKE",2,0,2,0,0,0,0,0
"4821 PECAN AVE","HORN LAKE",2,0,2,0,0,0,0,0
"3435 FAIR MEADOW DR","HORN LAKE",2,2,0,0,0,0,0,0
"7357 JENNIFER DR","HORN LAKE",2,2,0,0,0,0,0,0
"3179 SCOTT FARMS CV","HORN LAKE",2,2,0,0,0,0,0,0
"4242 BRIGHTON DR","HORN LAKE",2,2,0,0,0,0,0,0
"4257 MCSWAIN DR","HORN LAKE",2,2,0,0,0,0,0,0
"1610 SOUTHERN VILLA DR","HORN LAKE",2,2,0,0,0,0,0,0
"6910 WINDCHASE DR","HORN LAKE",2,1,0,1,0,0,0,0
"3867 FORREST PARK CV","HORN LAKE",2,2,0,0,0,0,0,0
"7181 HURT RD","HORN LAKE",2,2,0,0,0,0,0,0
"6530 INTERSTATE BLVD","HORN LAKE",2,1,0,1,0,0,0,0
"4170 GOODMAN RD W","HORN LAKE",2,2,0,0,0,0,0,0
"2960 GOODMAN RD W","HORN LAKE",2,2,0,0,0,0,0,0
"1658 CHURCH RD W","HORN LAKE",2,2,0,0,0,0,0,0
"3965 CARROLL DR","HORN LAKE",2,2,0,0,0,0,0,0
"6285 WALNUT GROVE RD","HORN LAKE",2,2,0,0,0,0,0,0
"5217 HORN LAKE RD N","HORN LAKE",2,2,0,0,0,0,0,0
"3235 BRIARWOOD DR","HORN LAKE",2,2,0,0,0,0,0,0
"6905 KENTBROOK DR","HORN LAKE",2,2,0,0,0,0,0,0
"GOODMAN RD W & WILLOW POINT DR","HORN LAKE",2,2,0,0,0,0,0,0
"3015 NORMANDY DR","HORN LAKE",2,2,0,0,0,0,0,0
"6110 KENTWOOD DR","HORN LAKE",2,2,0,0,0,0,0,0
"3855 WOODLAND DR","HORN LAKE",2,2,0,0,0,0,0,0
"6960 HUGHEY MEADOWS CV","WALLS",2,2,0,0,0,0,0,0
"4460 ANGEL DR","HORN LAKE",2,2,0,0,0,0,0,0
"7254 HURT RD","HORN LAKE",2,2,0,0,0,0,0,0
"3001 GOODMAN RD W","HORN LAKE",2,1,0,0,0,1,0,0
"6986 ALLEN DR","HORN LAKE",2,2,0,0,0,0,0,0
"7150 SUTTON PL","HORN LAKE",2,1,0,0,1,0,0,0
"6550 RIVERDALE RD","HORN LAKE",2,2,0,0,0,0,0,0
"6510 YORKSHIRE RD","HORN LAKE",2,2,0,0,0,0,0,0
"3057 CAITLYNN CIR S","HORN LAKE",2,2,0,0,0,0,0,0
"2695 DOGWOOD CV","HORN LAKE",2,2,0,0,0,0,0,0
"7424 DUNBARTON DR","HORN LAKE",2,0,2,0,0,0,0,0
"7711 BRAMBLE LN","WALLS",2,2,0,0,0,0,0,0
"5315 RIDGETOP DR","HORN LAKE",2,2,0,0,0,0,0,0
"4173 BRIGHTON DR","HORN LAKE",2,2,0,0,0,0,0,0
"6325 CORNWALL RD","HORN LAKE",2,2,0,0,0,0,0,0
"5860 NINA DR","HORN LAKE",2,2,0,0,0,0,0,0
"5140 CAROLINE DR","HORN LAKE",2,2,0,0,0,0,0,0
"4999 GOODMAN RD W","HORN LAKE",2,2,0,0,0,0,0,0
"982 GOODMAN RD W","HORN LAKE",2,2,0,0,0,0,0,0
"5125 CAROLINE DR","HORN LAKE",2,2,0,0,0,0,0,0
"3910 GOODMAN RD W","HORN LAKE",2,2,0,0,0,0,0,0
"5164 BRENDA CV","HORN LAKE",2,2,0,0,0,0,0,0
"2475 GOODMAN RD W","HORN LAKE",2,1,1,0,0,0,0,0
"1444 TRESTLE CV","HORN LAKE",2,2,0,0,0,0,0,0
"6930 RANCH RIDGE CV W","WALLS",2,2,0,0,0,0,0,0
"4413 SHADOW GLEN DR","HORN LAKE",2,2,0,0,0,0,0,0
"5951 JACKSON DR","HORN LAKE",2,2,0,0,0,0,0,0
"6707 TEALWOOD DR","HORN LAKE",2,2,0,0,0,0,0,0
"3280 GREENWAY DR","HORN LAKE",2,2,0,0,0,0,0,0
"4075 MEADOW CREEK DR","HORN LAKE",2,2,0,0,0,0,0,0
"2515 GOODMAN RD W","HORN LAKE",2,2,0,0,0,0,0,0
"710 DESOTO CV","HORN LAKE",2,1,1,0,0,0,0,0
"5726 CRESTWOOD DR","HORN LAKE",2,2,0,0,0,0,0,0
"2010 WOOD HILL DR","HORN LAKE",2,2,0,0,0,0,0,0
"988 GOODMAN RD W","HORN LAKE.",1,1,0,0,0,0,0,0
"4681 NAIL RD W","HORN LAKE",1,1,0,0,0,0,0,0
"8221 NAIL RD W","WALLS",1,1,0,0,0,0,0,0
"5562 SYCAMORE CV","HORN LAKE",1,1,0,0,0,0,0,0
"6145 LYNNFIELD RD","HORN LAKE",1,1,0,0,0,0,0,0
"7295 JENNIFER DR","HORN LAKE",1,1,0,0,0,0,0,0
"6079 LIBERTY ESTATES DR","WALLS",1,1,0,0,0,0,0,0
"5786 AMARAY CV","HORN LAKE",1,1,0,0,0,0,0,0
"3231 LATIMER RD","HORN LAKE",1,1,0,0,0,0,0,0
"5868 TUCKER LNDG","HORN LAKE",1,1,0,0,0,0,0,0
"1867 THOMAS ST","HORN LAKE",1,1,0,0,0,0,0,0
"4239 LOUDEN DR","HORN LAKE",1,0,0,1,0,0,0,0
"3410 LAUREL DR","HORN LAKE",1,1,0,0,0,0,0,0
"4293 BRIGHTON DR","HORN LAKE",1,1,0,0,0,0,0,0
"6415 JAMESTOWN AVE","HORN LAKE",1,1,0,0,0,0,0,0
"2120 LAKELAND CV","HORN LAKE",1,0,0,1,0,0,0,0
"HWY 51 N & CHURCH RD W","HORN LAKE",1,1,0,0,0,0,0,0
"2590 WAVERLY DR","HORN LAKE",1,1,0,0,0,0,0,0
"6240 FOREST GATE RD","HORN LAKE",1,1,0,0,0,0,0,0
"1652 GOODMAN RD W","HORN LAKE",1,1,0,0,0,0,0,0
"7298 MADELYN CV","HORN LAKE",1,1,0,0,0,0,0,0
"4358 GOODMAN RD W","HORN LAKE",1,1,0,0,0,0,0,0
"2045 TALL TREES DR","HORN LAKE",1,1,0,0,0,0,0,0
"5831 ALTA JEAN DR","HORN LAKE",1,1,0,0,0,0,0,0
"2783 BRIARWOOD DR","HORN LAKE",1,1,0,0,0,0,0,0
"5895 HORN LAKE RD N","HORN LAKE",1,0,1,0,0,0,0,0
"5877 INGLESIDE DR","HORN LAKE",1,1,0,0,0,0,0,0
"2825 BRACHTON CV W","HORN LAKE",1,1,0,0,0,0,0,0
"7134 WINDSOR DR","HORN LAKE",1,1,0,0,0,0,0,0
"6775 PINEHURST RD","HORN LAKE",1,1,0,0,0,0,0,0
"HILLCREST CIR & HILLCREST DR","HORN LAKE",1,1,0,0,0,0,0,0
"2985 WAVERLY DR","HORN LAKE",1,1,0,0,0,0,0,0
"CAROLINE DR & CRESTWOOD DR","HORN LAKE",1,0,1,0,0,0,0,0
"1490 CROSSING DR","HORN LAKE",1,1,0,0,0,0,0,0
"KENTWOOD DR & HEATHERGLEN CV E","HORN LAKE",1,0,1,0,0,0,0,0
"6220 JAMESTOWN AVE","HORN LAKE",1,0,1,0,0,0,0,0
"1389 GOODMAN RD W","HORN LAKE",1,0,0,1,0,0,0,0
"5611 PORT STACY DR","HORN LAKE",1,1,0,0,0,0,0,0
"6530 YORKSHIRE RD","HORN LAKE",1,1,0,0,0,0,0,0
"4015 SHADOW GLEN DR","HORN LAKE",1,0,1,0,0,0,0,0
"FLEETWOOD DR & LONGVIEW CV","HORN LAKE",1,0,1,0,0,0,0,0
"2085 GOODMAN RD W","HORN LAKE",1,1,0,0,0,0,0,0
"3110 BRIARWOOD DR","HORN LAKE",1,1,0,0,0,0,0,0
"5859 WAVERLY DR","HORN LAKE",1,1,0,0,0,0,0,0
"5855 CHEROKEE DR","HORN LAKE",1,1,0,0,0,0,0,0
"5718 GOODMAN RD W","HORN LAKE",1,0,0,0,1,0,0,0
"1317 ARBOR LAKE DR S","HORN LAKE",1,1,0,0,0,0,0,0
"6341 HWY 51 N","HORN LAKE",1,1,0,0,0,0,0,0
"FOREST GATE RD & FAIR MEADOW DR","HORN LAKE",1,1,0,0,0,0,0,0
"4242 HIGHGATE DR","HORN LAKE",1,1,0,0,0,0,0,0
"Latitude: 34.9322","DeSoto County",1,1,0,0,0,0,0,0
"DUNBARTON DR & SHADOW OAKS PKWY","HORN LAKE",1,1,0,0,0,0,0,0
"KAREN DR & CAROLINE DR","HORN LAKE",1,1,0,0,0,0,0,0
"7141 DUNBARTON DR","HORN LAKE",1,1,0,0,0,0,0,0
"6100 HORN LAKE RD N","HORN LAKE",1,1,0,0,0,0,0,0
"3850 WOODLAND DR","HORN LAKE",1,1,0,0,0,0,0,0
"4211 HIGHGATE DR","HORN LAKE",1,1,0,0,0,0,0,0
"2996 CHURCHWELL DR","HORN LAKE",1,1,0,0,0,0,0,0
"7183 LAYNE DR","HORN LAKE",1,1,0,0,0,0,0,0
"FOGG RD N & AUSTIN RD","LAKE CORMORANT",1,1,0,0,0,0,0,0
"2955 BROOK CV","HORN LAKE",1,1,0,0,0,0,0,0
"5818 DOVER DR","HORN LAKE",1,1,0,0,0,0,0,0
"4557 BOXWOOD LN","HORN LAKE",1,1,0,0,0,0,0,0
"5685 WINTERWOOD DR","HORN LAKE",1,1,0,0,0,0,0,0
"3950 GOODMAN RD W","HORN LAKE",1,1,0,0,0,0,0,0
"NAIL RD W & SOMERSET DR","HORN LAKE",1,1,0,0,0,0,0,0
"4283 MCSWAIN DR","HORN LAKE",1,1,0,0,0,0,0,0
"4300 GOODMAN RD W","HORN LAKE",1,1,0,0,0,0,0,0
"6085 DEVON CIR","HORN LAKE",1,1,0,0,0,0,0,0
"6065 DEVON CIR","HORN LAKE",1,1,0,0,0,0,0,0
"4840 NAIL RD W","HORN LAKE",1,1,0,0,0,0,0,0
"6280 GREENBRIAR DR","HORN LAKE",1,1,0,0,0,0,0,0
"4140 FOUNTAIN LN","HORN LAKE",1,1,0,0,0,0,0,0
"6520 E CENTER ST","HORN LAKE",1,0,1,0,0,0,0,0
"HWY 301 N & GOODMAN RD W","HORN LAKE",1,1,0,0,0,0,0,0
"GOODMAN RD W & HWY 301 N","HORN LAKE",1,1,0,0,0,0,0,0
"6605 ALICE ST","HORN LAKE",1,1,0,0,0,0,0,0
"NAIL RD W & HORN LAKE RD N","HORN LAKE",1,1,0,0,0,0,0,0
"7100 TULANE RD N","HORN LAKE Building: 9",1,1,0,0,0,0,0,0
"6180 FOREST GATE RD","HORN LAKE",1,1,0,0,0,0,0,0
"1600 SOUTHERN VILLA DR","HORN LAKE Building: 1675",1,1,0,0,0,0,0,0
"4775 ALDEN LAKE DR W","HORN LAKE",1,1,0,0,0,0,0,0
"6515 SANDHURST DR","HORN LAKE",1,1,0,0,0,0,0,0
"7383 PERRIN LN","HORN LAKE",1,1,0,0,0,0,0,0
"2926 CONNOR REED DR","HORN LAKE",1,0,1,0,0,0,0,0
"2400 GOODMAN RD W","HORN LAKE",1,1,0,0,0,0,0,0
"6545 RIVERDALE RD","HORN LAKE",1,1,0,0,0,0,0,0
"7931 SOUTHAVEN CIR W","SOUTHAVEN",1,1,0,0,0,0,0,0
"829 TUSCANY WAY","SOUTHAVEN",1,1,0,0,0,0,0,0
"2563 GOODMAN RD W","HORN LAKE",1,0,0,1,0,0,0,0
"4938 HORN LAKE RD N","NESBIT",1,1,0,0,0,0,0,0
"2601 BRYCE CV","HORN LAKE",1,0,0,0,0,1,0,0
"5558 KINGS RETREAT E","HORN LAKE",1,1,0,0,0,0,0,0
"5853 NINA DR","HORN LAKE",1,0,0,0,1,0,0,0
"5364 WILLOW OAK DR","HORN LAKE",1,0,1,0,0,0,0,0
"7058 FOXHALL DR","HORN LAKE",1,1,0,0,0,0,0,0
"1716 CHURCH RD W","HORN LAKE",1,1,0,0,0,0,0,0
"4333 SHADOW RIDGE DR","HORN LAKE",1,1,0,0,0,0,0,0
"6150 DEVON CIR","HORN LAKE",1,1,0,0,0,0,0,0
"5856 WAVERLY DR","HORN LAKE",1,1,0,0,0,0,0,0
"3200 GOODMAN RD W","HORN LAKE",1,1,0,0,0,0,0,0
"3745 CARROLL DR","HORN LAKE",1,1,0,0,0,0,0,0
"6935 WINDCHASE DR","HORN LAKE",1,0,0,0,0,1,0,0
"7310 SUSIE LN","HORN LAKE",1,1,0,0,0,0,0,0
"2925 DEVON CIR","HORN LAKE",1,0,1,0,0,0,0,0
"7644 WOODSHIRE DR","HORN LAKE",1,1,0,0,0,0,0,0
"6400 FOREST GLEN DR","HORN LAKE",1,1,0,0,0,0,0,0
"5787 CHEROKEE DR","HORN LAKE",1,1,0,0,0,0,0,0
"3415 LAURELWOOD DR","HORN LAKE",1,1,0,0,0,0,0,0
"6505 FOREST GLEN DR","HORN LAKE",1,1,0,0,0,0,0,0
"7910 HWY 301 N","HORN LAKE",1,1,0,0,0,0,0,0
"1453 COMMERCE PKWY","HORN LAKE",1,0,1,0,0,0,0,0
"7172 BRENWOOD DR","HORN LAKE",1,1,0,0,0,0,0,0
"5157 KAREN DR","HORN LAKE",1,1,0,0,0,0,0,0
"7363 NAIL RD W","WALLS",1,1,0,0,0,0,0,0
"4848 CANTATA DR","WALLS",1,1,0,0,0,0,0,0
"5292 STARLANDING RD W","NESBIT",1,1,0,0,0,0,0,0
"3720 SOUTHBROOK DR","HORN LAKE",1,0,1,0,0,0,0,0
"1631 GOODMAN RD W","HORN LAKE",1,1,0,0,0,0,0,0
"6200 KENSINGTON RD","HORN LAKE",1,1,0,0,0,0,0,0
"2335 CHURCH RD W","HORN LAKE",1,0,1,0,0,0,0,0
"1005 GOODMAN RD W","HORN LAKE",1,1,0,0,0,0,0,0
"4810 ALDEN LAKE DR W","HORN LAKE",1,1,0,0,0,0,0,0
"3896 SANTA FE LOOP","HORN LAKE",1,1,0,0,0,0,0,0
"1620 YORKHAVEN DR","HORN LAKE",1,1,0,0,0,0,0,0
"5585 PORT STACY DR","HORN LAKE",1,1,0,0,0,0,0,0
"6190 SANDHURST DR","HORN LAKE",1,1,0,0,0,0,0,0
"3149 ABBEY CHAMP DR","HORN LAKE",1,1,0,0,0,0,0,0
"2877 WAVERLY DR","HORN LAKE",1,1,0,0,0,0,0,0
"HWY 51 N & NAIL RD W","HORN LAKE",1,1,0,0,0,0,0,0
"9115 2ND ST","WALLS",1,1,0,0,0,0,0,0
"7668 AIRWAYS BLVD","SOUTHAVEN",1,1,0,0,0,0,0,0
"6341 RIDGEWOOD RD","HORN LAKE",1,1,0,0,0,0,0,0
"7122 BRENWOOD DR","HORN LAKE",1,0,0,1,0,0,0,0
"3565 CHURCH RD W","NESBIT",1,1,0,0,0,0,0,0
"7640 ANGEL DR","HORN LAKE",1,0,1,0,0,0,0,0
"3660 CHURCH RD W","HORN LAKE",1,0,1,0,0,0,0,0
"2612 HILLCREST DR","HORN LAKE",1,1,0,0,0,0,0,0
"4237 RAVENWOOD PARK W","HORN LAKE",1,1,0,0,0,0,0,0
"720 WHITE OAKS DR","SOUTHAVEN",1,1,0,0,0,0,0,0
"2920 NORMANDY DR","HORN LAKE",1,1,0,0,0,0,0,0
"SANDHURST DR & SOUTHBROOK DR","HORN LAKE",1,0,0,1,0,0,0,0
"5684 CHAPEL HILL DR","HORN LAKE",1,1,0,0,0,0,0,0
"4227 HIGHGATE DR","HORN LAKE",1,0,1,0,0,0,0,0
"7100 SUTTON PL","HORN LAKE",1,1,0,0,0,0,0,0
"5369 SMALLWOOD CV","HORN LAKE",1,1,0,0,0,0,0,0
"2437 MOONEYHAM LN","HORN LAKE",1,1,0,0,0,0,0,0
"4170 FOUNTAIN LN","HORN LAKE",1,1,0,0,0,0,0,0
"5602 LAKEFRONT DR","HORN LAKE",1,1,0,0,0,0,0,0
"5746 NATCHEZ DR","HORN LAKE",1,1,0,0,0,0,0,0
"6771 CHASE CV","HORN LAKE",1,1,0,0,0,0,0,0
"FLEETWOOD DR","HORN LAKE",1,0,0,1,0,0,0,0
"4645 SPIKE LN","HORN LAKE",1,1,0,0,0,0,0,0
"1630 THOMAS ST","HORN LAKE",1,1,0,0,0,0,0,0
"4256 MCSWAIN DR","HORN LAKE",1,1,0,0,0,0,0,0
"6290 COLLINWOOD RD","HORN LAKE",1,1,0,0,0,0,0,0
"6225 JAMESTOWN AVE","HORN LAKE",1,1,0,0,0,0,0,0
"518 ROLLING BROOK CV","SOUTHAVEN",1,1,0,0,0,0,0,0
"735 RASCO RD W","SOUTHAVEN",1,1,0,0,0,0,0,0
"2662 COLLEGE CV","HERNANDO",1,1,0,0,0,0,0,0
"3415 HORN LAKE VILLAS DR","HORN LAKE",1,1,0,0,0,0,0,0
"2140 MACINTOSH DR","HORN LAKE",1,1,0,0,0,0,0,0
"5014 LONGVIEW CV","HORN LAKE",1,1,0,0,0,0,0,0
"6645 RIVERDALE RD","HORN LAKE",1,1,0,0,0,0,0,0
"5180 CRESTWOOD CV","HORN LAKE",1,1,0,0,0,0,0,0
"5411 PARK PLACE DR","HORN LAKE",1,1,0,0,0,0,0,0
"7248 ESTES CV","WALLS",1,1,0,0,0,0,0,0
"5370 GOODMAN RD W","HORN LAKE",1,1,0,0,0,0,0,0
"4795 TRISTAN CV","HORN LAKE",1,0,1,0,0,0,0,0
"6435 RIVERDALE CV","HORN LAKE",1,1,0,0,0,0,0,0
"4920 PECAN AVE","HORN LAKE",1,1,0,0,0,0,0,0
"4072 LOUDEN DR","HORN LAKE",1,1,0,0,0,0,0,0
"2675 MEADOWBROOK DR","HORN LAKE",1,1,0,0,0,0,0,0
"5951 GROVE LN","HORN LAKE",1,0,0,1,0,0,0,0
"5642 CAROLINE DR","HORN LAKE",1,1,0,0,0,0,0,0
"1102 BRANDYWINE DR","SOUTHAVEN",1,1,0,0,0,0,0,0
"6111 NAIL RD W","WALLS",1,1,0,0,0,0,0,0
"2915 BROOK CV","HORN LAKE",1,1,0,0,0,0,0,0
"4776 LAKE CV","HORN LAKE",1,1,0,0,0,0,0,0
"2700 MEADOWBROOK DR","HORN LAKE",1,1,0,0,0,0,0,0
"4489 SHADOW HOLLOW DR","HORN LAKE",1,1,0,0,0,0,0,0
"6785 NORTHWOOD CV","HORN LAKE",1,1,0,0,0,0,0,0
"5307 DESOTO RD W","HORN LAKE",1,0,0,1,0,0,0,0
"4374 BRADFORD DR","HORN LAKE",1,1,0,0,0,0,0,0
"4127 RAVENWOOD PARK W","HORN LAKE",1,0,1,0,0,0,0,0
"6665 DUNBARTON DR","HORN LAKE",1,1,0,0,0,0,0,0
"2896 HEATHERGLEN CV W","HORN LAKE",1,1,0,0,0,0,0,0
"7183 WINDSOR DR","HORN LAKE",1,1,0,0,0,0,0,0
"2695 KENTWOOD CV","HORN LAKE",1,1,0,0,0,0,0,0
"7451 CRYSTAL DR","HORN LAKE",1,0,0,1,0,0,0,0
"7032 TUDOR LN","HORN LAKE",1,1,0,0,0,0,0,0
"5621 CAROLINE DR","HORN LAKE",1,0,0,0,0,1,0,0
"6380 GREENBROOK CV S","HORN LAKE",1,0,1,0,0,0,0,0
"5771 NAIL RD W","HORN LAKE",1,0,1,0,0,0,0,0
"7117 TUDOR LN","HORN LAKE",1,1,0,0,0,0,0,0
"6515 GREENBRIAR DR","HORN LAKE",1,1,0,0,0,0,0,0
"6105 SOMERSET DR","HORN LAKE",1,1,0,0,0,0,0,0
"3974 GOODMAN RD W","HORN LAKE",1,1,0,0,0,0,0,0
"1534 AUDREY LN","HORN LAKE",1,1,0,0,0,0,0,0
"2848 NORMANDY DR","HORN LAKE",1,1,0,0,0,0,0,0
"6772 KIRKLAND CV","HORN LAKE",1,1,0,0,0,0,0,0
"4715 CHURCH RD W","NESBIT",1,1,0,0,0,0,0,0
"3349 COUNTRYSIDE CIR","HORN LAKE",1,1,0,0,0,0,0,0
"6540 HERMITAGE RD","HORN LAKE",1,0,1,0,0,0,0,0
"5540 COREY CV","HORN LAKE",1,1,0,0,0,0,0,0
"5761 INGLESIDE DR","HORN LAKE",1,0,1,0,0,0,0,0
"3352 GOODMAN RD W","HORN LAKE",1,1,0,0,0,0,0,0
"5020 WOODY CV","HORN LAKE",1,1,0,0,0,0,0,0
"7302 DURANGO DR","HORN LAKE",1,1,0,0,0,0,0,0
"5550 CHOCTAW DR","HORN LAKE",1,0,1,0,0,0,0,0
"6530 HERMITAGE RD","HORN LAKE",1,1,0,0,0,0,0,0
"FOUNTAIN LN & HORN LAKE RD N","HORN LAKE",1,1,0,0,0,0,0,0
"3019 CAITLYNN CIR S","HORN LAKE",1,1,0,0,0,0,0,0
"6455 GREENBROOK CV N","HORN LAKE",1,1,0,0,0,0,0,0
"4105 PENWELL DR","HORN LAKE",1,1,0,0,0,0,0,0
"2710 MAGNOLIA DR","HORN LAKE",1,1,0,0,0,0,0,0
"3751 WARRINGTON DR","HORN LAKE",1,1,0,0,0,0,0,0
"7775 ANGEL DR","HORN LAKE",1,1,0,0,0,0,0,0
"3535 LAKEHURST DR","HORN LAKE",1,1,0,0,0,0,0,0
"5859 INGLESIDE DR","HORN LAKE",1,0,1,0,0,0,0,0
"7051 DUNBARTON DR","HORN LAKE",1,1,0,0,0,0,0,0
"RIDGETOP DR & CHURCH RD W","HORN LAKE",1,0,1,0,0,0,0,0
"3360 CHURCH RD W","HORN LAKE",1,1,0,0,0,0,0,0
"7330 HALLE CV","WALLS",1,1,0,0,0,0,0,0
"5661 CHOCTAW DR","HORN LAKE",1,1,0,0,0,0,0,0
"2401 GOODMAN RD W","HORN LAKE",1,1,0,0,0,0,0,0
"5472 RIDGEFIELD DR","HORN LAKE",1,0,1,0,0,0,0,0
"6515 RIVERDALE RD","HORN LAKE",1,1,0,0,0,0,0,0
"5778 CHANCE DR N","HORN LAKE",1,1,0,0,0,0,0,0
"7633 WOODSHIRE DR","HORN LAKE",1,1,0,0,0,0,0,0
"3019 CAITLYNN CIR N","HORN LAKE",1,1,0,0,0,0,0,0
"4182 SHADOW RIDGE DR","HORN LAKE",1,1,0,0,0,0,0,0
"GOODMAN RD W & POPLAR CORNER RD","WALLS",1,1,0,0,0,0,0,0
"709 DESOTO CV","HORN LAKE",1,1,0,0,0,0,0,0
"1634 JOY BLVD","HORN LAKE",1,1,0,0,0,0,0,0
"3786 WOODLAND DR","HORN LAKE",1,1,0,0,0,0,0,0
"6500 WALNUT GROVE RD","HORN LAKE",1,1,0,0,0,0,0,0
"5008 GRAY DR","HORN LAKE",1,1,0,0,0,0,0,0
"3410 DORCHESTER CV","HORN LAKE",1,1,0,0,0,0,0,0
"2506 TALL TREES DR","HORN LAKE",1,1,0,0,0,0,0,0
"5990 TISHOMINGO DR","HORN LAKE",1,1,0,0,0,0,0,0
"6056 KINGSVIEW DR","HORN LAKE",1,1,0,0,0,0,0,0
"7340 HWY 161","WALLS Building: 14",1,1,0,0,0,0,0,0
"6615 GATEWOOD CIR","HORN LAKE",1,1,0,0,0,0,0,0
"3344 COUNTRYSIDE CIR","HORN LAKE",1,0,0,1,0,0,0,0
"906 GOODMAN RD W","HORN LAKE",1,1,0,0,0,0,0,0
"3283 COURT DR","HORN LAKE",1,0,1,0,0,0,0,0
"AIRWAYS BLVD & RASCO RD E","SOUTHAVEN",1,1,0,0,0,0,0,0
"4595 WEALTHY CV","HORN LAKE",1,1,0,0,0,0,0,0
"PINTAIL DR & WINDSOR DR","HORN LAKE",1,1,0,0,0,0,0,0
"2805 DEVON CV","HORN LAKE",1,1,0,0,0,0,0,0
"999 GOODMAN RD W","HORN LAKE",1,0,1,0,0,0,0,0
"CARROLL DR & FOREST GATE RD","HORN LAKE",1,1,0,0,0,0,0,0
"6285 SOUTHBRIDGE CIR","HORN LAKE",1,1,0,0,0,0,0,0
"6465 BARRETTS BEND DR","HORN LAKE",1,1,0,0,0,0,0,0
"5801 PORT STACY DR","HORN LAKE",1,1,0,0,0,0,0,0
"GOODMAN RD W & WINDCHASE DR","HORN LAKE",1,1,0,0,0,0,0,0
"5448 SMALLWOOD CV","HORN LAKE",1,1,0,0,0,0,0,0
"4373 SHADOW GLEN DR","HORN LAKE",1,1,0,0,0,0,0,0
"6340 SOUTHBRIDGE CIR","HORN LAKE",1,1,0,0,0,0,0,0
"5624 MATTHEW DR","HORN LAKE",1,1,0,0,0,0,0,0
"2810 BRIARWOOD DR","HORN LAKE",1,1,0,0,0,0,0,0
"6667 CAMELOT RD","HORN LAKE",1,1,0,0,0,0,0,0
"7169 WILLOW POINT DR","HORN LAKE",1,1,0,0,0,0,0,0
"6868 INTERSTATE BLVD","HORN LAKE",1,1,0,0,0,0,0,0
"3042 GOODMAN RD W","HORN LAKE",1,1,0,0,0,0,0,0
"4210 HIGHGATE DR","HORN LAKE",1,1,0,0,0,0,0,0
"6330 YORKSHIRE CV","HORN LAKE",1,1,0,0,0,0,0,0
"7415 NORTHBROOK DR","HORN LAKE",1,1,0,0,0,0,0,0
"5336 GREENWOOD RD","HORN LAKE",1,0,0,1,0,0,0,0
"4915 ALDEN LAKE DR W","HORN LAKE",1,1,0,0,0,0,0,0
"1427 GOODMAN RD W","HORN LAKE",1,1,0,0,0,0,0,0
"7095 TULANE RD N","HORN LAKE Building: 911",1,1,0,0,0,0,0,0
"2710 HAMPDEN CV","HORN LAKE",1,1,0,0,0,0,0,0
"2730 MEADOWBROOK DR","HORN LAKE",1,1,0,0,0,0,0,0
"6525 BIRCHFIELD CIR","HORN LAKE",1,0,1,0,0,0,0,0
"2640 PINTAIL DR","HORN LAKE",1,1,0,0,0,0,0,0
"6515 LIBERTY ESTATES DR","WALLS",1,1,0,0,0,0,0,0
"6565 YORKSHIRE RD","HORN LAKE",1,1,0,0,0,0,0,0
"7497 SHERRY CV","HORN LAKE",1,1,0,0,0,0,0,0
"3165 CHURCH RD W","NESBIT",1,0,0,1,0,0,0,0
"5437 SMALLWOOD CV","HORN LAKE",1,1,0,0,0,0,0,0
"7805 SOUTHCREST PKWY","SOUTHAVEN",1,1,0,0,0,0,0,0
"2060 SHARON DR","HORN LAKE",1,1,0,0,0,0,0,0
"1690 GOODMAN RD W","HORN LAKE",1,1,0,0,0,0,0,0
"5913 INGLESIDE DR","HORN LAKE",1,1,0,0,0,0,0,0
"TULANE RD N & BRIARWOOD DR","HORN LAKE",1,1,0,0,0,0,0,0
"4188 ANDERTON BLVD","HORN LAKE",1,1,0,0,0,0,0,0
"3340 TULANE RD W","HORN LAKE",1,1,0,0,0,0,0,0
"2895 WINDSOR CV","HORN LAKE",1,1,0,0,0,0,0,0
"6677 KENTBROOK DR","HORN LAKE",1,1,0,0,0,0,0,0
"7427 LEE ANN DR","HORN LAKE",1,1,0,0,0,0,0,0
"5561 SYCAMORE CV","HORN LAKE",1,1,0,0,0,0,0,0
"6650 RIVERDALE RD","HORN LAKE",1,1,0,0,0,0,0,0
"2615 PINEHURST CV","HORN LAKE",1,1,0,0,0,0,0,0
"5745 CHOCTAW DR","HORN LAKE",1,1,0,0,0,0,0,0
"2220 CHURCH RD W","HORN LAKE",1,1,0,0,0,0,0,0
"HWY 61 N & CHURCH RD W","HORN LAKE",1,1,0,0,0,0,0,0
"2281 HORN LAKE RD N","NESBIT",1,1,0,0,0,0,0,0
"3100 GOODMAN RD W","HORN LAKE",1,1,0,0,0,0,0,0
"3135 FAIR MEADOW DR","HORN LAKE",1,1,0,0,0,0,0,0
"HWY 301 N & CHURCH RD W","HORN LAKE",1,0,1,0,0,0,0,0
"7204 BRANDEE DR","HORN LAKE",1,1,0,0,0,0,0,0
"6900 CAMELOT RD","HORN LAKE",1,1,0,0,0,0,0,0
"6640 EMBASSY CIR","HORN LAKE",1,1,0,0,0,0,0,0
"7302 MADELYN CV","HORN LAKE",1,1,0,0,0,0,0,0
"4277 CARROLL DR W","HORN LAKE",1,1,0,0,0,0,0,0
"4023 RAVENWOOD DR N","HORN LAKE",1,1,0,0,0,0,0,0
"6550 CAMELOT RD","HORN LAKE",1,1,0,0,0,0,0,0
"5856 IROQUOIS DR","HORN LAKE",1,1,0,0,0,0,0,0
"3350 TULANE RD W","HORN LAKE",1,0,1,0,0,0,0,0
"6540 CORNWALL RD","HORN LAKE",1,0,0,0,0,0,0,1
"5412 SOLLIE CV","HORN LAKE",1,0,0,1,0,0,0,0
"2600 VALLEYBROOK RD","HORN LAKE",1,1,0,0,0,0,0,0
"2500 VALLEYBROOK RD","HORN LAKE",1,1,0,0,0,0,0,0
"4189 BRIGHTON DR","HORN LAKE",1,1,0,0,0,0,0,0
"7070 HWY 301 N","HORN LAKE",1,1,0,0,0,0,0,0
"2969 NAIL RD W","HORN LAKE",1,1,0,0,0,0,0,0
"5542 PORT STACY DR","HORN LAKE",1,0,1,0,0,0,0,0
"4368 LOUDEN DR","HORN LAKE",1,0,1,0,0,0,0,0
"4205 BRIGHTON DR","HORN LAKE",1,0,1,0,0,0,0,0
"3155 BRIARWOOD DR","HORN LAKE",1,1,0,0,0,0,0,0
"4110 SOUTHERN MANOR DR","LAKE CORMORANT",1,1,0,0,0,0,0,0
"6510 JAMESTOWN AVE","HORN LAKE",1,1,0,0,0,0,0,0
"7174 WINDSOR DR","HORN LAKE",1,1,0,0,0,0,0,0
"2740 BRENTWOOD CV","HORN LAKE",1,0,1,0,0,0,0,0
"9017 MOSS POINT DR","SOUTHAVEN",1,1,0,0,0,0,0,0
"2565 HILLCREST CV","HORN LAKE",1,1,0,0,0,0,0,0
"6915 TULANE RD E","HORN LAKE",1,1,0,0,0,0,0,0
"7401 BRIARWOOD CV","HORN LAKE",1,1,0,0,0,0,0,0
"6246 HWY 51 N","HORN LAKE",1,1,0,0,0,0,0,0
"3400 GOODMAN RD W","HORN LAKE",1,1,0,0,0,0,0,0
"6280 COLLINWOOD RD","HORN LAKE",1,1,0,0,0,0,0,0
"6630 WESTBURY AVE","HORN LAKE",1,1,0,0,0,0,0,0
"2895 BRIARWOOD DR","HORN LAKE",1,0,1,0,0,0,0,0
"2155 MACINTOSH DR","HORN LAKE",1,0,0,0,0,0,1,0
"7408 MEADOWBROOK DR","HORN LAKE",1,1,0,0,0,0,0,0
"TWIN LAKES DR & PATRICIA DR","HORN LAKE",1,1,0,0,0,0,0,0
"2420 GOLDEN CV","HORN LAKE",1,1,0,0,0,0,0,0
"5726 BRIARWOOD DR","HORN LAKE",1,1,0,0,0,0,0,0
"GOODMAN RD W & TULANE RD N","HORN LAKE",1,1,0,0,0,0,0,0
"CHURCH RD W & TULANE RD N","HORN LAKE",1,1,0,0,0,0,0,0
"2790 EAST CV","HORN LAKE",1,1,0,0,0,0,0,0
"5741 WINTERWOOD DR","HORN LAKE",1,1,0,0,0,0,0,0
"3828 GOODMAN RD W","HORN LAKE",1,1,0,0,0,0,0,0
"4113 PENWELL DR","HORN LAKE",1,0,1,0,0,0,0,0
"4174 HIGHGATE DR","HORN LAKE",1,1,0,0,0,0,0,0
"4167 GRACE BLVD","HORN LAKE",1,1,0,0,0,0,0,0
"6230 KINGSVIEW DR","HORN LAKE",1,1,0,0,0,0,0,0
"7431 REDBERRY DR","HORN LAKE",1,0,0,1,0,0,0,0
"5801 IROQUOIS DR","HORN LAKE",1,0,1,0,0,0,0,0
"3980 GOODMAN RD W","HORN LAKE",1,1,0,0,0,0,0,0
"TULANE RD N & CHURCH RD W","HORN LAKE",1,1,0,0,0,0,0,0
"6650 CAMELOT RD","HORN LAKE",1,1,0,0,0,0,0,0
"2370 COLE RD","HORN LAKE",1,0,1,0,0,0,0,0
"1463 GOODMAN RD W","HORN LAKE",1,1,0,0,0,0,0,0
"7082 BRENWOOD DR","HORN LAKE",1,1,0,0,0,0,0,0
"4230 ROLLIN OAKS DR","HORN LAKE",1,1,0,0,0,0,0,0
"6210 SANDHURST DR","HORN LAKE",1,1,0,0,0,0,0,0
"3130 FAIR MEADOW DR","HORN LAKE",1,1,0,0,0,0,0,0
"3746 CHURCH RD W","HORN LAKE",1,1,0,0,0,0,0,0
"7299 DURANGO DR","HORN LAKE",1,1,0,0,0,0,0,0
"4065 GOODMAN RD W","HORN LAKE",1,0,0,0,0,0,1,0
"6360 ELLYN CV","HORN LAKE",1,1,0,0,0,0,0,0
"3347 COUNTRYSIDE CIR","HORN LAKE",1,1,0,0,0,0,0,0
"3495 CHERRY CV W","HORN LAKE",1,1,0,0,0,0,0,0
"2555 GOODMAN RD W","HORN LAKE",1,1,0,0,0,0,0,0
"4851 TROLLEY LN","HORN LAKE",1,1,0,0,0,0,0,0
"5864 CAROLINE DR","HORN LAKE",1,1,0,0,0,0,0,0
"6425 YORKSHIRE RD","HORN LAKE",1,0,0,0,1,0,0,0
"4198 BRIGHTON DR","HORN LAKE",1,1,0,0,0,0,0,0
"3340 GOODMAN RD W","HORN LAKE",1,1,0,0,0,0,0,0
"7317 MALLARD CREEK DR","HORN LAKE",1,1,0,0,0,0,0,0
"5282 LAKEVIEW CV","HORN LAKE",1,1,0,0,0,0,0,0
"7130 REDFERN DR","HORN LAKE",1,0,0,0,0,1,0,0
"Latitude: 34.93219","DeSoto County",1,1,0,0,0,0,0,0
"7011 GOODMAN RD W","WALLS",1,1,0,0,0,0,0,0
"7618 HOLLY RIDGE DR","HORN LAKE",1,0,1,0,0,0,0,0
"2660 MAGNOLIA DR","HORN LAKE",1,1,0,0,0,0,0,0
"5860 WAVERLY DR","HORN LAKE",1,1,0,0,0,0,0,0
"4266 SHARON DR","HORN LAKE",1,1,0,0,0,0,0,0
"2125 LAKELAND CV","HORN LAKE",1,1,0,0,0,0,0,0
"992 GOODMAN RD W","HORN LAKE",1,1,0,0,0,0,0,0
"5811 GRAY CV","HORN LAKE",1,1,0,0,0,0,0,0
"2950 BROOK CV","HORN LAKE",1,1,0,0,0,0,0,0
"3186 SCOTT FARMS CV","HORN LAKE",1,1,0,0,0,0,0,0
"3348 SHADOW OAKS PKWY","HORN LAKE",1,1,0,0,0,0,0,0
"6216 LAKEFRONT DR","HORN LAKE",1,1,0,0,0,0,0,0
"4201 BRIGHTON DR","HORN LAKE",1,1,0,0,0,0,0,0
"7449 DUNBARTON DR","HORN LAKE",1,1,0,0,0,0,0,0
"6570 RIDGEWOOD RD","HORN LAKE",1,1,0,0,0,0,0,0
"6610 WESTBURY AVE","HORN LAKE",1,0,0,1,0,0,0,0
"5176 WOODY DR","HORN LAKE",1,1,0,0,0,0,0,0
"6113 KENSINGTON RD","HORN LAKE",1,1,0,0,0,0,0,0
"1847 RAPIER RD","HORN LAKE",1,1,0,0,0,0,0,0
"4991 GOODMAN RD W","HORN LAKE",1,1,0,0,0,0,0,0
"7120 BENJI AVE","HORN LAKE",1,1,0,0,0,0,0,0
"2472 MOONEYHAM LN","HORN LAKE",1,1,0,0,0,0,0,0
"1971 TISSINGTON DR","HORN LAKE",1,1,0,0,0,0,0,0
"5263 GREENWOOD RD","HORN LAKE",1,1,0,0,0,0,0,0
"5923 LAURIE DR","HORN LAKE",1,1,0,0,0,0,0,0
"1807 THOMAS ST","HORN LAKE",1,1,0,0,0,0,0,0
"2500 GOODMAN RD W","HORN LAKE",1,1,0,0,0,0,0,0
"5640 CHAPEL HILL DR","HORN LAKE",1,1,0,0,0,0,0,0
"3580 LAKEHURST DR","HORN LAKE",1,1,0,0,0,0,0,0
"7092 LAYNE DR","HORN LAKE",1,1,0,0,0,0,0,0
"4648 SPIKE LN","HORN LAKE",1,1,0,0,0,0,0,0
"3420 LAURELWOOD DR","HORN LAKE",1,1,0,0,0,0,0,0
"3350 SHADOW OAKS PKWY","HORN LAKE",1,1,0,0,0,0,0,0
"5596 CLARIDGE CT","HORN LAKE",1,1,0,0,0,0,0,0
"7321 CRYSTAL DR","HORN LAKE",1,0,0,1,0,0,0,0
"6143 ANDON CIR","HORN LAKE Near Nail .5/28/26 06:30:18OLN/800360469",1,1,0,0,0,0,0,0
"3265 MAYFAIR DR","HORN LAKE",1,1,0,0,0,0,0,0
"5670 CHAPEL HILL DR","HORN LAKE",1,1,0,0,0,0,0,0
"3520 DORCHESTER DR","HORN LAKE",1,0,1,0,0,0,0,0
"5742 DOVER DR","HORN LAKE",1,1,0,0,0,0,0,0
"4213 LOUDEN DR","HORN LAKE",1,1,0,0,0,0,0,0
"801 DESOTO CV","HORN LAKE",1,1,0,0,0,0,0,0
"1650 YORKHAVEN DR","HORN LAKE",1,1,0,0,0,0,0,0
"7289 DURANGO DR","HORN LAKE",1,1,0,0,0,0,0,0
"HWY 61 N & CHURCH RD W","WALLS",1,1,0,0,0,0,0,0
"3420 LAKEHURST CV","HORN LAKE",1,1,0,0,0,0,0,0
"2650 SOUTHBRIDGE CIR","HORN LAKE",1,1,0,0,0,0,0,0
"7213 LAYNE DR","HORN LAKE",1,1,0,0,0,0,0,0
"4611 JONATHAN DR","HORN LAKE",1,1,0,0,0,0,0,0
"2790 NORMANDY DR","HORN LAKE",1,1,0,0,0,0,0,0
"6485 HEATHER RD","HORN LAKE",1,1,0,0,0,0,0,0
"7273 DOWNING CV","HORN LAKE",1,1,0,0,0,0,0,0
"6270 CALE CV","HORN LAKE",1,1,0,0,0,0,0,0
"4409 RED OAKS DR","HORN LAKE",1,0,0,1,0,0,0,0
"4371 EDMONTON ST","HORN LAKE",1,1,0,0,0,0,0,0
"3940 CARROLL DR","HORN LAKE",1,1,0,0,0,0,0,0
"6705 CAMELOT RD","HORN LAKE",1,1,0,0,0,0,0,0
"HWY 51 N & YORKHAVEN DR","HORN LAKE",1,0,1,0,0,0,0,0
"6810 TIMBER POINT CIR","HORN LAKE",1,1,0,0,0,0,0,0
"7226 DURANGO DR","HORN LAKE",1,0,0,1,0,0,0,0
"4965 JONATHAN DR","HORN LAKE",1,0,0,1,0,0,0,0
"6352 ELLYN CV","HORN LAKE",1,1,0,0,0,0,0,0
"MEADOWBROOK DR & HURT RD","HORN LAKE",1,1,0,0,0,0,0,0
"5573 W AVALON DR W","HORN LAKE",1,0,0,0,0,1,0,0
"5111 CAROLINE DR","HORN LAKE",1,1,0,0,0,0,0,0
"7125 DESOTO CV","HORN LAKE",1,1,0,0,0,0,0,0
"6300 JAMESTOWN AVE","HORN LAKE",1,1,0,0,0,0,0,0
"7099 HAMPTON DR","HORN LAKE",1,1,0,0,0,0,0,0
"2771 KENTWOOD CV","HORN LAKE",1,1,0,0,0,0,0,0
"4560 VENTURE DR","SOUTHAVEN",1,1,0,0,0,0,0,0
"6800 COUNTRY WOOD RD","HORN LAKE",1,1,0,0,0,0,0,0
"2900 HEATHERGLEN CV W","HORN LAKE",1,1,0,0,0,0,0,0
"1415 GOODMAN RD W","HORN LAKE",1,1,0,0,0,0,0,0
"JOY BLVD & HWY 51 N","HORN LAKE",1,1,0,0,0,0,0,0
"JOY BLVD & LACY CV","HORN LAKE",1,1,0,0,0,0,0,0
"1377 ARBOR LAKE DR S","HORN LAKE",1,0,1,0,0,0,0,0
"6363 HWY 301 N","HORN LAKE",1,0,0,1,0,0,0,0
"7212 LAYNE DR","HORN LAKE",1,1,0,0,0,0,0,0
"7461 DUNBARTON DR","HORN LAKE",1,0,0,1,0,0,0,0
"4339 MCSWAIN DR","HORN LAKE",1,0,0,1,0,0,0,0
"3345 TULANE RD W","HORN LAKE",1,1,0,0,0,0,0,0
"2952 CHURCHWELL DR","HORN LAKE",1,1,0,0,0,0,0,0
"1241 COMMERCE PKWY","HORN LAKE",1,1,0,0,0,0,0,0
"108 CLARINGTON DR","SOUTHAVEN",1,1,0,0,0,0,0,0
"6230 CARROLL CV E","HORN LAKE",1,0,1,0,0,0,0,0
"2730 CHURCH RD W","HORN LAKE",1,1,0,0,0,0,0,0
"7471 JENNIFER DR","HORN LAKE",1,1,0,0,0,0,0,0
"6395 JAMESTOWN AVE","HORN LAKE",1,1,0,0,0,0,0,0
"5768 BRIARWOOD DR","HORN LAKE",1,1,0,0,0,0,0,0
"2890 BRIARWOOD DR","HORN LAKE",1,1,0,0,0,0,0,0
"4904 RICHARD PLACE CV","HORN LAKE",1,0,1,0,0,0,0,0
"3665 HEATHCLIFF DR","HORN LAKE",1,1,0,0,0,0,0,0
"DUNBARTON DR & DORCHESTER DR","HORN LAKE",1,1,0,0,0,0,0,0
"5943 RICHARD PLACE DR","HORN LAKE",1,1,0,0,0,0,0,0
"4040 SUMMER CIR W","WALLS",1,1,0,0,0,0,0,0
"2145 LAKELAND CV","HORN LAKE",1,0,0,0,0,1,0,0
"2319 PAPPY LN","HORN LAKE",1,1,0,0,0,0,0,0
"6900 HWY 51 N","HORN LAKE",1,1,0,0,0,0,0,0
"7094 BRANDEE DR","HORN LAKE",1,0,0,0,0,1,0,0
"3968 GOODMAN RD W","HORN LAKE",1,1,0,0,0,0,0,0
"3655 PEMBROOK DR","HORN LAKE",1,1,0,0,0,0,0,0
"2644 PINTAIL DR","HORN LAKE",1,0,0,0,0,1,0,0
"125 GOODMAN RD E","SOUTHAVEN",1,1,0,0,0,0,0,0
"7178 DESOTO CV","HORN LAKE",1,1,0,0,0,0,0,0
"6640 MAYFAIR CV","HORN LAKE",1,1,0,0,0,0,0,0
"6760 HURT RD","HORN LAKE",1,0,0,1,0,0,0,0
"4056 LOUDEN DR","HORN LAKE",1,1,0,0,0,0,0,0
"5695 TUCKER LNDG","HORN LAKE",1,0,0,1,0,0,0,0
"3615 DORCHESTER DR","HORN LAKE",1,1,0,0,0,0,0,0
"HWY 51 N & COMMERCE PKWY","HORN LAKE",1,1,0,0,0,0,0,0
"GOODMAN RD W & TULANE RD E","HORN LAKE",1,1,0,0,0,0,0,0
"5782 GROVE LN","HORN LAKE",1,1,0,0,0,0,0,0
"6505 FOREST GATE RD","HORN LAKE",1,1,0,0,0,0,0,0
"6278 POPLAR CORNER RD","WALLS",1,1,0,0,0,0,0,0
"2600 GOODMAN RD W","HORN LAKE",1,1,0,0,0,0,0,0
"6685 RIVERDALE RD","HORN LAKE",1,1,0,0,0,0,0,0
"4150 PENWELL DR","HORN LAKE",1,1,0,0,0,0,0,0
"1436 GOODMAN RD W","HORN LAKE",1,1,0,0,0,0,0,0
"2464 LASONYA LN","HORN LAKE",1,1,0,0,0,0,0,0
"6371 OLIVIA PLACE CV","HORN LAKE",1,1,0,0,0,0,0,0
"5920 CHANCE DR N","HORN LAKE",1,1,0,0,0,0,0,0
"7111 HAMPTON DR","HORN LAKE",1,1,0,0,0,0,0,0
"6310 HEATHER CV","HORN LAKE",1,1,0,0,0,0,0,0
"7318 GEORGE CV","HORN LAKE",1,1,0,0,0,0,0,0
"5834 JACKSON DR","HORN LAKE",1,1,0,0,0,0,0,0
"3050 BRIARWOOD DR","HORN LAKE",1,1,0,0,0,0,0,0
"5236 CAROLINE DR","HORN LAKE",1,1,0,0,0,0,0,0
"4200 SHADOW GLEN DR","HORN LAKE",1,1,0,0,0,0,0,0
"7182 BRENWOOD DR","HORN LAKE",1,1,0,0,0,0,0,0
"SHANNON DR","HORN LAKE",1,0,0,0,1,0,0,0
"LAURELWOOD DR & TULANE RD N","HORN LAKE",1,0,0,0,1,0,0,0
"2900 BRIARWOOD DR","HORN LAKE",1,1,0,0,0,0,0,0
"4323 GOODMAN RD W","HORN LAKE",1,1,0,0,0,0,0,0
"6416 TULANE RD N","HORN LAKE",1,1,0,0,0,0,0,0
"7357 MALLARD CREEK DR","HORN LAKE",1,1,0,0,0,0,0,0
"391 SOUTHCREST CIR","SOUTHAVEN",1,1,0,0,0,0,0,0
"GOODMAN RD W & HAMPTON DR","HORN LAKE",1,1,0,0,0,0,0,0
"SHADOW OAKS PKWY & DUNBARTON DR","HORN LAKE",1,0,0,0,0,1,0,0
"1677 DANCY BLVD","HORN LAKE",1,1,0,0,0,0,0,0
"2700 SHADY GROVE DR","HORN LAKE",1,1,0,0,0,0,0,0
"6285 RIDGEWOOD RD","HORN LAKE",1,1,0,0,0,0,0,0
"5940 CHANCE DR N","HORN LAKE",1,1,0,0,0,0,0,0
"5148 CRESTWOOD CV","HORN LAKE",1,0,0,0,0,1,0,0
"TULANE RD N & NORMANDY DR","HORN LAKE",1,1,0,0,0,0,0,0
"5685 CHOCTAW DR","HORN LAKE",1,1,0,0,0,0,0,0
"4189 MCSWAIN DR","HORN LAKE",1,1,0,0,0,0,0,0
"1972 TISSINGTON DR","HORN LAKE",1,1,0,0,0,0,0,0
"ANDERTON BLVD & HORN LAKE RD N","HORN LAKE",1,1,0,0,0,0,0,0
"3019 GOODMAN RD W","HORN LAKE",1,1,0,0,0,0,0,0
"3670 CARROLL DR","HORN LAKE",1,1,0,0,0,0,0,0
"2545 EASTBROOK DR","HORN LAKE",1,1,0,0,0,0,0,0
"4473 SHADOW HOLLOW DR","HORN LAKE",1,1,0,0,0,0,0,0
"3130 BRIARWOOD DR","HORN LAKE",1,1,0,0,0,0,0,0
"5575 KENTWOOD DR","HORN LAKE",1,1,0,0,0,0,0,0
"6170 KENTWOOD DR","HORN LAKE",1,0,0,0,0,1,0,0
"1433 GOODMAN RD W","HORN LAKE",1,1,0,0,0,0,0,0
"2940 VALLEYBROOK RD","HORN LAKE",1,1,0,0,0,0,0,0
"3185 MAYFAIR DR","HORN LAKE",1,1,0,0,0,0,0,0
"1574 CHURCH RD W","HORN LAKE",1,1,0,0,0,0,0,0
"1900 ENGINEERS CV","HORN LAKE",1,1,0,0,0,0,0,0
"7113 WINDSOR DR","HORN LAKE",1,1,0,0,0,0,0,0
"5384 BLUE WILLOW LN","HORN LAKE",1,1,0,0,0,0,0,0
"5832 CHANCE DR N","HORN LAKE",1,0,0,0,1,0,0,0
"4020 RAVENWOOD DR N","HORN LAKE",1,1,0,0,0,0,0,0
"2945 KENT CV","HORN LAKE",1,1,0,0,0,0,0,0
"3420 EDENSHIRE DR","HORN LAKE",1,1,0,0,0,0,0,0
"3500 CASTLE DR","HORN LAKE",1,1,0,0,0,0,0,0
"6680 EVERGREEN CV","HORN LAKE",1,1,0,0,0,0,0,0
"6320 RIDGEWOOD RD","HORN LAKE",1,0,0,0,1,0,0,0
"2744 HEATHERGLEN CV W","HORN LAKE",1,1,0,0,0,0,0,0
"2680 RIDGEWOOD CV","HORN LAKE",1,1,0,0,0,0,0,0
"5774 THOMAS ST","HORN LAKE",1,1,0,0,0,0,0,0
"2889 CONNOR REED DR","HORN LAKE",1,1,0,0,0,0,0,0
"1005 KUYKENDALL LN","HORN LAKE",1,1,0,0,0,0,0,0
"8705 HWY 61 N","WALLS",1,1,0,0,0,0,0,0
"2905 WINDSOR CV","HORN LAKE",1,1,0,0,0,0,0,0
"5706 CHOCTAW DR","HORN LAKE",1,1,0,0,0,0,0,0
"6620 DUNBARTON DR","HORN LAKE",1,1,0,0,0,0,0,0
"8075 HWY 61 N","WALLS",1,1,0,0,0,0,0,0
